{
    "rmse": 0.8051632902928587,
    "mae": 0.6591586006736477,
    "r2": 0.007984527246271522
}